<?xml version="1.0" encoding="UTF-8"?>
<GenRun Id="impl_1" LaunchPart="xc7a35tcpg236-1" LaunchTime="1548203338">
  <File Type="BITSTR-BMM" Name="Assignment1_bd.bmm"/>
  <File Type="OPT-METHODOLOGY-DRC" Name="Assignment1_methodology_drc_opted.rpt"/>
  <File Type="INIT-TIMING" Name="Assignment1_timing_summary_init.rpt"/>
  <File Type="ROUTE-PWR" Name="Assignment1_power_routed.rpt"/>
  <File Type="PA-TCL" Name="Assignment1.tcl"/>
  <File Type="OPT-TIMING" Name="Assignment1_timing_summary_opted.rpt"/>
  <File Type="OPT-DCP" Name="Assignment1_opt.dcp"/>
  <File Type="ROUTE-PWR-SUM" Name="Assignment1_power_summary_routed.pb"/>
  <File Type="REPORTS-TCL" Name="Assignment1_reports.tcl"/>
  <File Type="OPT-DRC" Name="Assignment1_drc_opted.rpt"/>
  <File Type="OPT-HWDEF" Name="Assignment1.hwdef"/>
  <File Type="PWROPT-DCP" Name="Assignment1_pwropt.dcp"/>
  <File Type="PWROPT-DRC" Name="Assignment1_drc_pwropted.rpt"/>
  <File Type="PWROPT-TIMING" Name="Assignment1_timing_summary_pwropted.rpt"/>
  <File Type="PLACE-DCP" Name="Assignment1_placed.dcp"/>
  <File Type="PLACE-IO" Name="Assignment1_io_placed.rpt"/>
  <File Type="PLACE-CLK" Name="Assignment1_clock_utilization_placed.rpt"/>
  <File Type="PLACE-UTIL" Name="Assignment1_utilization_placed.rpt"/>
  <File Type="PLACE-UTIL-PB" Name="Assignment1_utilization_placed.pb"/>
  <File Type="PLACE-CTRL" Name="Assignment1_control_sets_placed.rpt"/>
  <File Type="PLACE-SIMILARITY" Name="Assignment1_incremental_reuse_placed.rpt"/>
  <File Type="PLACE-PRE-SIMILARITY" Name="Assignment1_incremental_reuse_pre_placed.rpt"/>
  <File Type="BG-BGN" Name="Assignment1.bgn"/>
  <File Type="PLACE-TIMING" Name="Assignment1_timing_summary_placed.rpt"/>
  <File Type="POSTPLACE-PWROPT-DCP" Name="Assignment1_postplace_pwropt.dcp"/>
  <File Type="BG-BIN" Name="Assignment1.bin"/>
  <File Type="POSTPLACE-PWROPT-TIMING" Name="Assignment1_timing_summary_postplace_pwropted.rpt"/>
  <File Type="PHYSOPT-DCP" Name="Assignment1_physopt.dcp"/>
  <File Type="PHYSOPT-DRC" Name="Assignment1_drc_physopted.rpt"/>
  <File Type="BITSTR-MSK" Name="Assignment1.msk"/>
  <File Type="PHYSOPT-TIMING" Name="Assignment1_timing_summary_physopted.rpt"/>
  <File Type="ROUTE-ERROR-DCP" Name="Assignment1_routed_error.dcp"/>
  <File Type="ROUTE-DCP" Name="Assignment1_routed.dcp"/>
  <File Type="ROUTE-BLACKBOX-DCP" Name="Assignment1_routed_bb.dcp"/>
  <File Type="ROUTE-DRC" Name="Assignment1_drc_routed.rpt"/>
  <File Type="ROUTE-DRC-PB" Name="Assignment1_drc_routed.pb"/>
  <File Type="BITSTR-LTX" Name="debug_nets.ltx"/>
  <File Type="BITSTR-LTX" Name="Assignment1.ltx"/>
  <File Type="ROUTE-DRC-RPX" Name="Assignment1_drc_routed.rpx"/>
  <File Type="BITSTR-MMI" Name="Assignment1.mmi"/>
  <File Type="ROUTE-METHODOLOGY-DRC" Name="Assignment1_methodology_drc_routed.rpt"/>
  <File Type="ROUTE-METHODOLOGY-DRC-RPX" Name="Assignment1_methodology_drc_routed.rpx"/>
  <File Type="BITSTR-SYSDEF" Name="Assignment1.sysdef"/>
  <File Type="ROUTE-METHODOLOGY-DRC-PB" Name="Assignment1_methodology_drc_routed.pb"/>
  <File Type="ROUTE-PWR-RPX" Name="Assignment1_power_routed.rpx"/>
  <File Type="ROUTE-STATUS" Name="Assignment1_route_status.rpt"/>
  <File Type="ROUTE-STATUS-PB" Name="Assignment1_route_status.pb"/>
  <File Type="ROUTE-TIMINGSUMMARY" Name="Assignment1_timing_summary_routed.rpt"/>
  <File Type="ROUTE-TIMING-PB" Name="Assignment1_timing_summary_routed.pb"/>
  <File Type="ROUTE-TIMING-RPX" Name="Assignment1_timing_summary_routed.rpx"/>
  <File Type="ROUTE-SIMILARITY" Name="Assignment1_incremental_reuse_routed.rpt"/>
  <File Type="ROUTE-CLK" Name="Assignment1_clock_utilization_routed.rpt"/>
  <File Type="ROUTE-BUS-SKEW" Name="Assignment1_bus_skew_routed.rpt"/>
  <File Type="ROUTE-BUS-SKEW-PB" Name="Assignment1_bus_skew_routed.pb"/>
  <File Type="ROUTE-BUS-SKEW-RPX" Name="Assignment1_bus_skew_routed.rpx"/>
  <File Type="POSTROUTE-PHYSOPT-DCP" Name="Assignment1_postroute_physopt.dcp"/>
  <File Type="POSTROUTE-PHYSOPT-BLACKBOX-DCP" Name="Assignment1_postroute_physopt_bb.dcp"/>
  <File Type="POSTROUTE-PHYSOPT-TIMING" Name="Assignment1_timing_summary_postroute_physopted.rpt"/>
  <File Type="POSTROUTE-PHYSOPT-TIMING-PB" Name="Assignment1_timing_summary_postroute_physopted.pb"/>
  <File Type="POSTROUTE-PHYSOPT-TIMING-RPX" Name="Assignment1_timing_summary_postroute_physopted.rpx"/>
  <File Type="POSTROUTE-PHYSOPT-BUS-SKEW" Name="Assignment1_bus_skew_postroute_physopted.rpt"/>
  <File Type="POSTROUTE-PHYSOPT-BUS-SKEW-PB" Name="Assignment1_bus_skew_postroute_physopted.pb"/>
  <File Type="BG-BIT" Name="Assignment1.bit"/>
  <File Type="POSTROUTE-PHYSOPT-BUS-SKEW-RPX" Name="Assignment1_bus_skew_postroute_physopted.rpx"/>
  <File Type="BITSTR-RBT" Name="Assignment1.rbt"/>
  <File Type="BITSTR-NKY" Name="Assignment1.nky"/>
  <File Type="BG-DRC" Name="Assignment1.drc"/>
  <File Type="RDI-RDI" Name="Assignment1.vdi"/>
  <File Type="WBT-USG" Name="usage_statistics_webtalk.html"/>
  <FileSet Name="sources" Type="DesignSrcs" RelSrcDir="$PSRCDIR/sources_1">
    <Filter Type="Srcs"/>
    <File Path="$PPRDIR/assignment 1 support files/SevSeg/BCD.sv">
      <FileInfo>
        <Attr Name="UsedIn" Val="synthesis"/>
        <Attr Name="UsedIn" Val="implementation"/>
        <Attr Name="UsedIn" Val="simulation"/>
      </FileInfo>
    </File>
    <File Path="$PPRDIR/assignment 1 support files/CLK_DIV_FS.v">
      <FileInfo SFType="SVerilog">
        <Attr Name="UsedIn" Val="synthesis"/>
        <Attr Name="UsedIn" Val="implementation"/>
        <Attr Name="UsedIn" Val="simulation"/>
      </FileInfo>
    </File>
    <File Path="$PPRDIR/assignment 1 support files/SevSeg/CathodeDriver.sv">
      <FileInfo>
        <Attr Name="UsedIn" Val="synthesis"/>
        <Attr Name="UsedIn" Val="implementation"/>
        <Attr Name="UsedIn" Val="simulation"/>
      </FileInfo>
    </File>
    <File Path="$PSRCDIR/sources_1/new/FSM.sv">
      <FileInfo>
        <Attr Name="UsedIn" Val="synthesis"/>
        <Attr Name="UsedIn" Val="implementation"/>
        <Attr Name="UsedIn" Val="simulation"/>
      </FileInfo>
    </File>
    <File Path="$PPRDIR/assignment 1 support files/SevSeg/SevSegDisp.sv">
      <FileInfo>
        <Attr Name="UsedIn" Val="synthesis"/>
        <Attr Name="UsedIn" Val="implementation"/>
        <Attr Name="UsedIn" Val="simulation"/>
      </FileInfo>
    </File>
    <File Path="$PPRDIR/assignment 1 support files/counter.sv">
      <FileInfo>
        <Attr Name="UsedIn" Val="synthesis"/>
        <Attr Name="UsedIn" Val="implementation"/>
        <Attr Name="UsedIn" Val="simulation"/>
      </FileInfo>
    </File>
    <File Path="$PPRDIR/assignment 1 support files/debounce_one_shot.sv">
      <FileInfo>
        <Attr Name="UsedIn" Val="synthesis"/>
        <Attr Name="UsedIn" Val="implementation"/>
        <Attr Name="UsedIn" Val="simulation"/>
      </FileInfo>
    </File>
    <File Path="$PPRDIR/assignment 1 support files/gen_ram.sv">
      <FileInfo>
        <Attr Name="UsedIn" Val="synthesis"/>
        <Attr Name="UsedIn" Val="implementation"/>
        <Attr Name="UsedIn" Val="simulation"/>
      </FileInfo>
    </File>
    <File Path="$PPRDIR/assignment 1 support files/rom.sv">
      <FileInfo>
        <Attr Name="UsedIn" Val="synthesis"/>
        <Attr Name="UsedIn" Val="implementation"/>
        <Attr Name="UsedIn" Val="simulation"/>
      </FileInfo>
    </File>
    <File Path="$PSRCDIR/sources_1/imports/Downloads/Assignment1.v">
      <FileInfo SFType="SVerilog">
        <Attr Name="ImportPath" Val="C:/Users/clipping/Downloads/Assignment1.v"/>
        <Attr Name="ImportTime" Val="1547598984"/>
        <Attr Name="UsedIn" Val="synthesis"/>
        <Attr Name="UsedIn" Val="implementation"/>
        <Attr Name="UsedIn" Val="simulation"/>
      </FileInfo>
    </File>
    <File Path="$PPRDIR/assignment 1 support files/rca.sv">
      <FileInfo>
        <Attr Name="AutoDisabled" Val="1"/>
        <Attr Name="UsedIn" Val="synthesis"/>
        <Attr Name="UsedIn" Val="implementation"/>
        <Attr Name="UsedIn" Val="simulation"/>
      </FileInfo>
    </File>
    <Config>
      <Option Name="DesignMode" Val="RTL"/>
      <Option Name="TopModule" Val="Assignment1"/>
      <Option Name="TopAutoSet" Val="TRUE"/>
    </Config>
  </FileSet>
  <FileSet Name="constrs_in" Type="Constrs" RelSrcDir="$PSRCDIR/constrs_1">
    <Filter Type="Constrs"/>
    <File Path="$PSRCDIR/constrs_1/new/basys3.xdc">
      <FileInfo>
        <Attr Name="UsedIn" Val="synthesis"/>
        <Attr Name="UsedIn" Val="implementation"/>
      </FileInfo>
    </File>
    <Config>
      <Option Name="ConstrsType" Val="XDC"/>
    </Config>
  </FileSet>
  <Strategy Version="1" Minor="2">
    <StratHandle Name="Vivado Implementation Defaults" Flow="Vivado Implementation 2018"/>
    <Step Id="init_design"/>
    <Step Id="opt_design"/>
    <Step Id="power_opt_design"/>
    <Step Id="place_design"/>
    <Step Id="post_place_power_opt_design"/>
    <Step Id="phys_opt_design"/>
    <Step Id="route_design"/>
    <Step Id="post_route_phys_opt_design"/>
    <Step Id="write_bitstream"/>
  </Strategy>
</GenRun>
